Workbook

Sheet Instructions
A1: Instructions
A2: 1 | B2: Open the parameters sheet and set Pricing Model in cell B24 to one of: CPM, CPV or Fixed.
A3: 2 | B3: Paste your influencer rows into the Data sheet (replace sample rows). Columns: Followers, Reach, Views, Engagement Rate, Quality.
A4: 3 | B4: Final Price will appear in the 'Final_Price' column (column L).
A6: For this price calculator:
A7: 1 - we divide the influencers in tiers according to their follower count:
A8: nano | B8: <= 10k
A9: micro | B9: <= 50k
A10: mid | B10: <= 250
A11: macro | B11: <= 1 mio
A12: celebrity | B12: 1 mio. +
A14: 2 - we calculate their median CPM and CPV
A15: Cost per 1000 reach | B15: reel price / avg reach reel / 1000
A16: Cost per 1000 views | B16: reel price / avg views reel / 1000
A17: Median from tier CPM
A18: Median from tier CPV
A20: 3 - we calculate the Median Fixed fee price per tier
A22: 4 - we give scores to their ER and Quality
A23: ER <2% multiplier | B23: 0.8
A24: ER 2-4% multiplier | B24: 1
A25: ER 4-6% multiplier | B25: 1.2
A26: ER >6% multiplier | B26: 1.5
A27: Quality low multiplier | B27: 0.9
A28: Quality medium multiplier | B28: 1
A29: Quality high multiplier | B29: 1.2
A31: 5 - we calculate the price based on 1 of the 3 models: CPM, CPV or Fixed Price
A32: Price with CPM = | B32: CPM Reach (Reach * Median CPM Reach) * ER * Quality
A33: Price with CPV = | B33: CPV (Views * Median CPV) * ER* Quality
A34: Price with Fixed fee Price = | B34: Fixed Price (median values) * ER * Quality

Sheet Parameters
A1: Key | B1: Value | C1: Customizable!
A2: CPM_nano | B2: 11.688312
A3: CPM_micro | B3: 28.636884
A4: CPM_mid | B4: 18.932039
A5: CPM_macro | B5: 10.59322
A6: CPM_global_median | B6: 22.058824
A7: CPV_nano | B7: 10.964965
A8: CPV_micro | B8: 24.271845
A9: CPV_mid | B9: 17.492711
A10: CPV_macro | B10: 8.928571
A11: CPV_global_median | B11: 18.975332
A12: Fixed_nano | B12: 162.5
A13: Fixed_micro | B13: 250
... A23: Quality high multiplier | B23: 1.2
A24: Pricing Model (choose CPM / CPV / Fixed) | B24: CPV | C24: Choose your model here!

Sheet Price calculator
A1: Followers | B1: Reach | C1: Views | D1: Engagement Rate | E1: Quality | F1: Tier | G1: median CPM reach | H1: CPM reach | I1: median CPV per 1000 | J1: CPV | K1: Fixed price (median values) | L1: ER | M1: Quality (num) | N1: Final Reel Price | O1: Input your influencer values in columns B to E
A2: 8000 | B2: 5000 | C2: 3000 | D2: 0.035 | E2: medium | F2: =IF($A2<=10000,"nano",IF($A2<=50000,"micro",IF($A2<=250000,"mid",IF($A2<=1000000,"macro","celebrity")))) -> nano | G2: =IF($F2="nano",Parameters!$B$2,IF($F2="micro",Parameters!$B$3,IF($F2="mid",Parameters!$B$4,IF($F2="macro",Parameters!$B$5,Parameters!$B$6)))) -> 11.688312 | H2: =IFERROR(($B2/1000)*G2,"N/A") -> 58.44156 | I2: =IF($F2="nano",Parameters!$B$7,IF($F2="micro",Parameters!$B$8,IF($F2="mid",Parameters!$B$9,IF($F2="macro",Parameters!$B$10,Parameters!$B$11)))) -> 10.964965 | J2: =IFERROR(($C2/1000)*I2,"N/A") -> 32.894895 | K2: =IF($F2="nano",Parameters!$B$12,IF($F2="micro",Parameters!$B$13,IF($F2="mid",Parameters!$B$14,IF($F2="macro",Parameters!$B$15,Parameters!$B$16)))) -> 162.5 | L2: =IF($D2<0.02,Parameters!$B$17,IF($D2<0.04,Parameters!$B$18,IF($D2<0.06,Parameters!$B$19,Parameters!$B$20))) -> 1 | M2: =IF(LOWER($E2)="low",Parameters!$B$21,IF(LOWER($E2)="medium",Parameters!$B$22,IF(LOWER($E2)="high",Parameters!$B$23,Parameters!$B$23))) -> 1 | N2: =IF(UPPER(Parameters!$B$24)="CPM",$H2*$L2*$M2,IF(UPPER(Parameters!$B$24)="CPV",$J2*$L2*$M2,$K2*$L2*$M2)) -> 32.894895
A3: 25000 | B3: 20000 | C3: 15000 | D3: 0.045 | E3: high | F3: =IF($A3<=10000,"nano",IF($A3<=50000,"micro",IF($A3<=250000,"mid",IF($A3<=1000000,"macro","celebrity")))) -> micro | G3: =IF($F3="nano",Parameters!$B$2,IF($F3="micro",Parameters!$B$3,IF($F3="mid",Parameters!$B$4,IF($F3="macro",Parameters!$B$5,Parameters!$B$6)))) -> 28.636884 | H3: =IFERROR(($B3/1000)*G3,"N/A") -> 572.73768 | I3: =IF($F3="nano",Parameters!$B$7,IF($F3="micro",Parameters!$B$8,IF($F3="mid",Parameters!$B$9,IF($F3="macro",Parameters!$B$10,Parameters!$B$11)))) -> 24.271845 | J3: =IFERROR(($C3/1000)*I3,"N/A") -> 364.07767 | K3: =IF($F3="nano",Parameters!$B$12,IF($F3="micro",Parameters!$B$13,IF($F3="mid",Parameters!$B$14,IF($F3="macro",Parameters!$B$15,Parameters!$B$16)))) -> 250 | L3: =IF($D3<0.02,Parameters!$B$17,IF($D3<0.04,Parameters!$B$18,IF($D3<0.06,Parameters!$B$19,Parameters!$B$20))) -> 1.2 | M3: =IF(LOWER($E3)="low",Parameters!$B$21,IF(LOWER($E3)="medium",Parameters!$B$22,IF(LOWER($E3)="high",Parameters!$B$23,Parameters!$B$23))) -> 1.2 | N3: =IF(UPPER(Parameters!$B$24)="CPM",$H3*$L3*$M3,IF(UPPER(Parameters!$B$24)="CPV",$J3*$L3*$M3,$K3*$L3*$M3)) -> 524.27185
A4: 75000 | B4: 40000 | C4: 35000 | D4: 0.025 | E4: medium | F4: =IF($A4<=10000,"nano",IF($A4<=50000,"micro",IF($A4<=250000,"mid",IF($A4<=1000000,"macro","celebrity")))) -> mid | G4: =IF($F4="nano",Parameters!$B$2,IF($F4="micro",Parameters!$B$3,IF($F4="mid",Parameters!$B$4,IF($F4="macro",Parameters!$B$5,Parameters!$B$6)))) -> 18.932039 | H4: =IFERROR(($B4/1000)*G4,"N/A") -> 757.28156 | I4: =IF($F4="nano",Parameters!$B$7,IF($F4="micro",Parameters!$B$8,IF($F4="mid",Parameters!$B$9,IF($F4="macro",Parameters!$B$10,Parameters!$B$11)))) -> 17.492711 | J4: =IFERROR(($C4/1000)*I4,"N/A") -> 612.24488 | K4: =IF($F4="nano",Parameters!$B$12,IF($F4="micro",Parameters!$B$13,IF($F4="mid",Parameters!$B$14,IF($F4="macro",Parameters!$B$15,Parameters!$B$16)))) -> 600 | L4: =IF($D4<0.02,Parameters!$B$17,IF($D4<0.04,Parameters!$B$18,IF($D4<0.06,Parameters!$B$19,Parameters!$B$20))) -> 1 | M4: =IF(LOWER($E4)="low",Parameters!$B$21,IF(LOWER($E4)="medium",Parameters!$B$22,IF(LOWER($E4)="high",Parameters!$B$23,Parameters!$B$23))) -> 1 | N4: =IF(UPPER(Parameters!$B$24)="CPM",$H4*$L4*$M4,IF(UPPER(Parameters!$B$24)="CPV",$J4*$L4*$M4,$K4*$L4*$M4)) -> 612.24488
A5: 180000 | B5: 90000 | C5: 70000 | D5: 0.015 | E5: low | F5: =IF($A5<=10000,"nano",IF($A5<=50000,"micro",IF($A5<=250000,"mid",IF($A5<=1000000,"macro","celebrity")))) -> mid | G5: =IF($F5="nano",Parameters!$B$2,IF($F5="micro",Parameters!$B$3,IF($F5="mid",Parameters!$B$4,IF($F5="macro",Parameters!$B$5,Parameters!$B$6)))) -> 18.932039 | H5: =IFERROR(($B5/1000)*G5,"N/A") -> 1703.8835 | I5: =IF($F5="nano",Parameters!$B$7,IF($F5="micro",Parameters!$B$8,IF($F5="mid",Parameters!$B$9,IF($F5="macro",Parameters!$B$10,Parameters!$B$11)))) -> 17.492711 | J5: =IFERROR(($C5/1000)*I5,"N/A") -> 1224.4898 | K5: =IF($F5="nano",Parameters!$B$12,IF($F5="micro",Parameters!$B$13,IF($F5="mid",Parameters!$B$14,IF($F5="macro",Parameters!$B$15,Parameters!$B$16)))) -> 600 | L5: =IF($D5<0.02,Parameters!$B$17,IF($D5<0.04,Parameters!$B$18,IF($D5<0.06,Parameters!$B$19,Parameters!$B$20))) -> 0.8 | M5: =IF(LOWER($E5)="low",Parameters!$B$21,IF(LOWER($E5)="medium",Parameters!$B$22,IF(LOWER($E5)="high",Parameters!$B$23,Parameters!$B$23))) -> 0.9 | N5: =IF(UPPER(Parameters!$B$24)="CPM",$H5*$L5*$M5,IF(UPPER(Parameters!$B$24)="CPV",$J5*$L5*$M5,$K5*$L5*$M5)) -> 881.63263
A6: 300000 | B6: 120000 | C6: 90000 | D6: 0.05 | E6: high | F6: =IF($A6<=10000,"nano",IF($A6<=50000,"micro",IF($A6<=250000,"mid",IF($A6<=1000000,"macro","celebrity")))) -> macro | G6: =IF($F6="nano",Parameters!$B$2,IF($F6="micro",Parameters!$B$3,IF($F6="mid",Parameters!$B$4,IF($F6="macro",Parameters!$B$5,Parameters!$B$6)))) -> 10.59322 | H6: =IFERROR(($B6/1000)*G6,"N/A") -> 1271.1864 | I6: =IF($F6="nano",Parameters!$B$7,IF($F6="micro",Parameters!$B$8,IF($F6="mid",Parameters!$B$9,IF($F6="macro",Parameters!$B$10,Parameters!$B$11)))) -> 8.928571 | J6: =IFERROR(($C6/1000)*I6,"N/A") -> 803.57139 | K6: =IF($F6="nano",Parameters!$B$12,IF($F6="micro",Parameters!$B$13,IF($F6="mid",Parameters!$B$14,IF($F6="macro",Parameters!$B$15,Parameters!$B$16)))) -> 1250 | L6: =IF($D6<0.02,Parameters!$B$17,IF($D6<0.04,Parameters!$B$18,IF($D6<0.06,Parameters!$B$19,Parameters!$B$20))) -> 1.2 | M6: =IF(LOWER($E6)="low",Parameters!$B$21,IF(LOWER($E6)="medium",Parameters!$B$22,IF(LOWER($E6)="high",Parameters!$B$23,Parameters!$B$23))) -> 1.2 | N6: =IF(UPPER(Parameters!$B$24)="CPM",$H6*$L6*$M6,IF(UPPER(Parameters!$B$24)="CPV",$J6*$L6*$M6,$K6*$L6*$M6)) -> 1157.1428
A7: 1500000 | B7: 400000 | C7: 250000 | D7: 0.03 | E7: medium | F7: =IF($A7<=10000,"nano",IF($A7<=50000,"micro",IF($A7<=250000,"mid",IF($A7<=1000000,"macro","celebrity")))) -> celebrity | G7: =IF($F7="nano",Parameters!$B$2,IF($F7="micro",Parameters!$B$3,IF($F7="mid",Parameters!$B$4,IF($F7="macro",Parameters!$B$5,Parameters!$B$6)))) -> 22.058824 | H7: =IFERROR(($B7/1000)*G7,"N/A") -> 8823.5294 | I7: =IF($F7="nano",Parameters!$B$7,IF($F7="micro",Parameters!$B$8,IF($F7="mid",Parameters!$B$9,IF($F7="macro",Parameters!$B$10,Parameters!$B$11)))) -> 18.975332 | J7: =IFERROR(($C7/1000)*I7,"N/A") -> 4743.833 | K7: =IF($F7="nano",Parameters!$B$12,IF($F7="micro",Parameters!$B$13,IF($F7="mid",Parameters!$B$14,IF($F7="macro",Parameters!$B$15,Parameters!$B$16)))) -> 2000 | L7: =IF($D7<0.02,Parameters!$B$17,IF($D7<0.04,Parameters!$B$18,IF($D7<0.06,Parameters!$B$19,Parameters!$B$20))) -> 1 | M7: =IF(LOWER($E7)="low",Parameters!$B$21,IF(LOWER($E7)="medium",Parameters!$B$22,IF(LOWER($E7)="high",Parameters!$B$23,Parameters!$B$23))) -> 1 | N7: =IF(UPPER(Parameters!$B$24)="CPM",$H7*$L7*$M7,IF(UPPER(Parameters!$B$24)="CPV",$J7*$L7*$M7,$K7*$L7*$M7)) -> 4743.833
A8: 50000 | B8: 45000 | C8: 4000 | D8: 0.4 | E8: high | F8: =IF($A8<=10000,"nano",IF($A8<=50000,"micro",IF($A8<=250000,"mid",IF($A8<=1000000,"macro","celebrity")))) -> micro | G8: =IF($F8="nano",Parameters!$B$2,IF($F8="micro",Parameters!$B$3,IF($F8="mid",Parameters!$B$4,IF($F8="macro",Parameters!$B$5,Parameters!$B$6)))) -> 28.636884 | H8: =IFERROR(($B8/1000)*G8,"N/A") -> 1288.6598 | I8: =IF($F8="nano",Parameters!$B$7,IF($F8="micro",Parameters!$B$8,IF($F8="mid",Parameters!$B$9,IF($F8="macro",Parameters!$B$10,Parameters!$B$11)))) -> 24.271845 | J8: =IFERROR(($C8/1000)*I8,"N/A") -> 97.08738 | K8: =IF($F8="nano",Parameters!$B$12,IF($F8="micro",Parameters!$B$13,IF($F8="mid",Parameters!$B$14,IF($F8="macro",Parameters!$B$15,Parameters!$B$16)))) -> 250 | L8: =IF($D8<0.02,Parameters!$B$17,IF($D8<0.04,Parameters!$B$18,IF($D8<0.06,Parameters!$B$19,Parameters!$B$20))) -> 1.5 | M8: =IF(LOWER($E8)="low",Parameters!$B$21,IF(LOWER($E8)="medium",Parameters!$B$22,IF(LOWER($E8)="high",Parameters!$B$23,Parameters!$B$23))) -> 1.2 | N8: =IF(UPPER(Parameters!$B$24)="CPM",$H8*$L8*$M8,IF(UPPER(Parameters!$B$24)="CPV",$J8*$L8*$M8,$K8*$L8*$M8)) -> 174.75728
